nim,id_mata_kuliah,NIDN,nilai,semester,tahun
723310,MK749,87883,59,Genap,2023
982121,MK161,20639,93,Ganjil,2022
809817,MK955,26470,92,Genap,2018
780414,MK561,96696,72,Genap,2023
490149,MK556,48407,72,Genap,2017
720373,MK749,53014,51,Ganjil,2015
525884,MK955,19639,71,Genap,2017
889657,MK955,25479,91,Ganjil,2020
551203,MK127,94224,70,Genap,2015
175452,MK161,39817,56,Ganjil,2021
755470,MK217,87883,87,Ganjil,2018
158120,MK955,98582,59,Ganjil,2019
283289,MK350,71391,87,Genap,2019
643733,MK220,58330,87,Ganjil,2015
989176,MK372,96696,77,Genap,2020
160503,MK519,39817,83,Genap,2022
220388,MK519,13934,73,Genap,2019
266535,MK217,31863,52,Genap,2018
845574,MK557,54847,83,Ganjil,2015
428205,MK161,27817,57,Ganjil,2019
932792,MK649,96696,50,Ganjil,2016
354635,MK596,25479,88,Genap,2015
120938,MK557,98567,65,Ganjil,2021
524304,MK161,80614,71,Genap,2019
965102,MK602,85028,55,Ganjil,2017
443193,MK896,39425,78,Genap,2022
652673,MK519,27471,74,Genap,2022
769605,MK132,28619,84,Genap,2016
639931,MK556,25833,50,Ganjil,2023
227316,MK596,98567,52,Genap,2023
874617,MK350,94224,83,Ganjil,2021
336239,MK896,38895,57,Ganjil,2015
798170,MK557,24836,68,Genap,2023
485131,MK602,36304,69,Genap,2023
881265,MK220,87966,70,Genap,2022
655955,MK955,57064,61,Genap,2017
727893,MK161,87966,77,Genap,2021
530651,MK749,10585,85,Genap,2018
819208,MK433,14527,83,Ganjil,2021
958671,MK749,89411,89,Genap,2023
977866,MK602,39817,100,Ganjil,2015
373830,MK749,76340,81,Genap,2018
345541,MK498,58330,89,Ganjil,2018
429693,MK161,72482,88,Ganjil,2019
328684,MK955,57064,99,Ganjil,2015
619003,MK649,26470,91,Ganjil,2022
692875,MK749,14527,66,Ganjil,2017
658450,MK498,51173,87,Genap,2022
927246,MK519,26470,62,Genap,2022
525884,MK519,31395,96,Ganjil,2023
755681,MK596,29552,73,Ganjil,2020
877835,MK372,24836,99,Ganjil,2023
873653,MK498,24836,80,Ganjil,2017
158941,MK561,36871,83,Ganjil,2015
236244,MK649,89658,74,Ganjil,2017
833710,MK749,61063,80,Genap,2023
805995,MK596,22960,61,Ganjil,2021
413356,MK749,66254,73,Genap,2015
527402,MK372,87883,80,Ganjil,2017
851954,MK596,45121,79,Genap,2021
852750,MK596,39334,65,Genap,2018
238438,MK132,89658,89,Ganjil,2022
893257,MK217,54847,63,Genap,2023
913323,MK217,51173,73,Genap,2015
625272,MK561,61129,72,Genap,2022
893700,MK561,18975,61,Ganjil,2020
991620,MK127,86114,74,Genap,2023
458089,MK896,31863,87,Ganjil,2021
621459,MK596,54172,55,Ganjil,2017
785310,MK556,79737,56,Genap,2021
145935,MK132,61753,78,Genap,2019
355067,MK355,85028,97,Ganjil,2023
504532,MK896,36871,92,Genap,2023
542103,MK556,56582,96,Genap,2015
593754,MK433,85028,66,Genap,2018
943522,MK556,83119,85,Ganjil,2020
141951,MK896,38876,61,Ganjil,2019
488547,MK350,37890,84,Genap,2019
559846,MK556,24836,69,Genap,2020
559846,MK350,24836,76,Genap,2021
569237,MK127,98582,98,Genap,2015
785317,MK355,83119,52,Genap,2018
436343,MK596,54172,95,Ganjil,2015
107678,MK372,86114,58,Ganjil,2016
502636,MK355,38895,85,Genap,2018
727893,MK498,67207,79,Ganjil,2015
429747,MK355,33924,59,Ganjil,2021
956048,MK355,23975,87,Genap,2022
326336,MK161,81901,77,Ganjil,2016
236958,MK433,88093,53,Ganjil,2021
567169,MK749,45121,56,Ganjil,2018
311490,MK519,38876,67,Ganjil,2023
819208,MK161,98953,64,Ganjil,2022
464887,MK132,22004,55,Genap,2019
122737,MK355,11333,53,Ganjil,2023
301907,MK355,36871,93,Genap,2021
447913,MK596,36897,94,Ganjil,2015
632400,MK350,37890,82,Ganjil,2016
265529,MK217,18975,53,Genap,2022
273541,MK372,89411,99,Ganjil,2021
289443,MK372,26470,86,Genap,2021
352033,MK596,39467,70,Ganjil,2016
531443,MK561,82405,51,Ganjil,2019
990035,MK498,27817,99,Ganjil,2023
138117,MK561,54172,73,Genap,2020
159951,MK602,86114,76,Ganjil,2021
959855,MK557,47599,83,Ganjil,2018
436343,MK132,22004,80,Ganjil,2018
866689,MK220,67207,72,Genap,2020
485755,MK519,28693,95,Genap,2022
170212,MK519,27817,69,Ganjil,2023
722532,MK649,80614,56,Genap,2016
569549,MK557,38895,66,Genap,2015
137559,MK749,13934,73,Ganjil,2016
979905,MK161,37092,60,Ganjil,2017
489675,MK217,10909,59,Ganjil,2022
439452,MK217,23975,67,Genap,2020
108133,MK132,45278,50,Genap,2017
696309,MK519,82173,93,Ganjil,2022
341582,MK217,11118,80,Genap,2018
563914,MK561,20639,81,Genap,2022
827045,MK220,33900,53,Genap,2020
527402,MK556,71391,78,Ganjil,2018
234306,MK127,23975,62,Genap,2016
767101,MK132,29694,59,Genap,2020
199350,MK557,87966,50,Genap,2018
179807,MK561,23975,94,Ganjil,2022
535232,MK220,71391,79,Ganjil,2015
354367,MK561,33924,77,Ganjil,2022
295495,MK433,85028,57,Ganjil,2018
739295,MK749,32214,55,Ganjil,2022
217373,MK433,31395,55,Genap,2018
333462,MK955,29694,83,Genap,2021
835787,MK557,45121,86,Genap,2023
916227,MK372,93046,57,Genap,2022
963823,MK519,93046,66,Genap,2021
659985,MK519,22004,50,Ganjil,2021
653436,MK896,31863,96,Genap,2016
669436,MK127,31395,86,Ganjil,2021
386706,MK557,19330,65,Ganjil,2020
659185,MK561,45278,90,Genap,2021
989235,MK602,39414,55,Ganjil,2020
551005,MK561,93046,88,Genap,2022
475684,MK132,29694,91,Ganjil,2023
945400,MK896,67207,86,Ganjil,2020
769605,MK433,88093,88,Genap,2015
365640,MK749,39425,61,Genap,2016
858296,MK355,13454,79,Genap,2020
418356,MK217,10585,65,Genap,2022
160503,MK220,25833,84,Ganjil,2015
734260,MK217,63255,78,Ganjil,2017
527402,MK127,36897,57,Genap,2022
473515,MK519,29552,93,Genap,2018
864764,MK433,99639,52,Ganjil,2015
435060,MK433,83119,75,Genap,2018
630386,MK220,19330,64,Genap,2017
357215,MK561,89411,65,Genap,2021
748310,MK896,85028,94,Ganjil,2017
238438,MK561,58330,98,Ganjil,2022
519343,MK355,61129,55,Ganjil,2021
781569,MK372,86076,52,Genap,2015
381234,MK355,27817,54,Ganjil,2019
113701,MK355,80028,76,Genap,2015
401033,MK498,39817,76,Ganjil,2022
295306,MK749,25479,75,Ganjil,2016
521992,MK433,85028,84,Ganjil,2015
237154,MK896,37092,59,Ganjil,2020
384216,MK161,89411,60,Ganjil,2022
323159,MK127,57252,50,Genap,2021
371031,MK350,86114,50,Ganjil,2016
769931,MK161,29552,59,Genap,2023
220230,MK556,32720,75,Ganjil,2019
358357,MK602,47751,79,Ganjil,2019
964438,MK132,96696,62,Genap,2020
778532,MK498,86114,59,Ganjil,2017
529117,MK896,98582,85,Genap,2018
619003,MK519,27817,80,Genap,2021
730296,MK498,98582,93,Ganjil,2021
506287,MK519,33924,51,Genap,2019
540223,MK498,11333,63,Ganjil,2017
989176,MK350,62817,85,Genap,2020
405482,MK127,36871,60,Genap,2017
514836,MK161,40203,62,Genap,2021
827045,MK498,79737,98,Ganjil,2019
670677,MK433,37890,75,Ganjil,2017
441816,MK498,22960,80,Ganjil,2019
283945,MK220,98582,56,Genap,2019
232036,MK556,79737,80,Ganjil,2019
777785,MK127,80028,55,Genap,2021
979905,MK217,25833,53,Genap,2021
651532,MK749,47751,73,Ganjil,2017
360833,MK127,31863,94,Genap,2018
207042,MK433,87883,64,Genap,2021
549658,MK132,86076,68,Ganjil,2021
351426,MK132,28619,73,Ganjil,2016
873049,MK749,39425,100,Genap,2019
372922,MK561,67207,68,Genap,2022
716994,MK602,81901,91,Genap,2019
930849,MK355,25479,80,Ganjil,2017
514836,MK127,40203,88,Ganjil,2019
475673,MK561,76340,60,Ganjil,2023
787972,MK557,89658,93,Genap,2015
505479,MK355,10909,62,Genap,2016
724812,MK649,72482,53,Ganjil,2021
488547,MK596,11118,89,Ganjil,2016
811576,MK498,45278,93,Genap,2016
256585,MK161,11333,59,Genap,2019
554639,MK955,19639,89,Genap,2015
952194,MK132,62817,73,Genap,2018
798170,MK561,25479,68,Genap,2019
865761,MK649,76340,70,Ganjil,2021
740920,MK602,88684,92,Ganjil,2016
209429,MK217,29694,74,Ganjil,2021
686455,MK896,32720,91,Genap,2020
245530,MK161,22960,70,Ganjil,2018
991620,MK498,87883,77,Genap,2021
326670,MK561,33924,95,Genap,2022
635545,MK955,39334,86,Genap,2016
787454,MK557,94224,90,Ganjil,2020
123762,MK955,57064,83,Genap,2018
903590,MK556,37092,67,Ganjil,2015
630891,MK433,27817,77,Genap,2017
502636,MK127,76340,59,Ganjil,2020
855559,MK355,32214,63,Ganjil,2016
628794,MK372,85028,88,Genap,2021
961558,MK498,48407,98,Ganjil,2022
796075,MK896,39334,74,Genap,2022
892816,MK596,58330,100,Genap,2015
303857,MK896,82173,88,Genap,2023
412385,MK556,80028,58,Ganjil,2018
658450,MK556,23975,67,Genap,2016
545927,MK220,36304,58,Ganjil,2023
453785,MK127,33924,66,Genap,2022
380029,MK749,98582,100,Genap,2019
650260,MK217,61753,70,Genap,2015
842233,MK350,73505,65,Ganjil,2018
337197,MK433,63348,77,Genap,2017
493918,MK596,39334,85,Genap,2022
570157,MK519,13934,96,Genap,2017
273624,MK596,10585,50,Ganjil,2021
651532,MK896,82405,80,Genap,2021
558802,MK557,72482,95,Genap,2019
195426,MK649,72482,70,Genap,2023
846922,MK649,25833,85,Ganjil,2019
710659,MK127,54172,68,Ganjil,2015
952489,MK350,54847,55,Genap,2020
921649,MK161,90185,70,Ganjil,2015
856995,MK519,63348,86,Ganjil,2023
310918,MK355,11333,76,Genap,2019
269205,MK561,25833,80,Ganjil,2015
932792,MK557,76340,97,Genap,2021
159802,MK557,88093,51,Genap,2019
269205,MK602,36897,70,Genap,2015
874617,MK132,72482,69,Genap,2020
243999,MK350,80614,99,Genap,2015
320450,MK596,85028,65,Ganjil,2020
159802,MK355,45278,100,Ganjil,2017
518035,MK372,22960,65,Ganjil,2020
441782,MK561,80028,51,Genap,2020
551885,MK350,61063,68,Genap,2019
328684,MK372,51173,74,Genap,2021
696309,MK896,87966,74,Genap,2017
381721,MK498,90185,78,Ganjil,2015
543608,MK220,48407,61,Ganjil,2021
529617,MK372,24836,97,Genap,2015
421040,MK355,99639,75,Ganjil,2022
877835,MK433,57064,62,Genap,2015
527402,MK132,98582,56,Genap,2023
906096,MK433,39817,95,Ganjil,2016
766598,MK561,76340,99,Genap,2019
827391,MK519,86114,67,Ganjil,2020
878653,MK355,96696,57,Ganjil,2023
352033,MK955,72482,53,Ganjil,2022
120843,MK132,47599,75,Genap,2016
126992,MK602,99639,58,Genap,2020
811576,MK355,27817,62,Ganjil,2018
115287,MK372,98582,75,Genap,2018
485670,MK433,91592,74,Ganjil,2015
606732,MK519,54847,72,Genap,2021
546364,MK220,89411,69,Ganjil,2021
352033,MK557,99639,68,Ganjil,2018
360833,MK350,11333,92,Genap,2018
187635,MK433,38895,77,Ganjil,2015
151878,MK602,32720,54,Genap,2020
374373,MK602,76340,96,Genap,2022
502856,MK433,88093,100,Ganjil,2015
529617,MK749,45121,67,Ganjil,2016
856995,MK602,61129,77,Genap,2017
593754,MK749,39817,55,Ganjil,2021
870058,MK350,10585,91,Genap,2020
374063,MK217,13934,63,Ganjil,2021
903590,MK596,89658,88,Genap,2021
155654,MK350,11118,62,Ganjil,2022
911714,MK220,20639,51,Genap,2023
374033,MK217,86076,89,Ganjil,2020
712475,MK372,45278,54,Genap,2020
209885,MK649,76340,84,Genap,2020
374373,MK433,10585,68,Genap,2019
733060,MK556,26956,79,Genap,2017
364494,MK355,57064,81,Genap,2017
243063,MK749,39414,77,Genap,2022
851954,MK896,90185,61,Genap,2022
624606,MK217,31395,53,Genap,2020
542103,MK132,29694,71,Genap,2015
119864,MK596,67207,76,Genap,2017
734260,MK433,33900,98,Ganjil,2022
841391,MK127,32214,72,Genap,2017
365246,MK220,48407,68,Ganjil,2020
171394,MK127,33924,94,Ganjil,2021
886971,MK596,56582,65,Genap,2016
743112,MK519,11333,72,Genap,2021
185047,MK602,91592,90,Ganjil,2023
865761,MK596,32214,60,Genap,2015
732878,MK132,91592,99,Ganjil,2016
230900,MK498,84389,64,Genap,2015
880280,MK519,39817,92,Ganjil,2018
794876,MK217,19330,51,Genap,2022
311490,MK557,22960,57,Ganjil,2018
179807,MK161,19330,89,Genap,2022
896865,MK556,76340,72,Genap,2020
864286,MK220,88093,83,Genap,2017
999673,MK350,48407,100,Ganjil,2016
928421,MK561,99639,52,Ganjil,2017
737493,MK350,32214,90,Ganjil,2020
373830,MK557,71391,77,Genap,2022
247500,MK749,13461,57,Genap,2020
457471,MK557,66254,63,Ganjil,2022
845574,MK556,45278,98,Ganjil,2018
943522,MK649,88684,96,Genap,2021
418356,MK217,29552,93,Ganjil,2015
341522,MK127,11118,56,Genap,2016
220230,MK355,86114,50,Ganjil,2020
551005,MK220,14773,90,Genap,2019
667386,MK161,14773,53,Ganjil,2017
390119,MK127,26956,62,Genap,2015
291330,MK896,14773,56,Genap,2017
723873,MK372,14773,83,Genap,2016
302148,MK132,27817,71,Ganjil,2015
722507,MK896,45278,61,Ganjil,2022
117387,MK355,14773,60,Ganjil,2017
521992,MK217,11333,72,Genap,2022
810040,MK220,98582,99,Ganjil,2022
522441,MK519,71391,97,Genap,2018
390882,MK955,10585,50,Ganjil,2017
892816,MK519,93046,58,Ganjil,2022
462137,MK556,88093,77,Genap,2017
613885,MK350,14527,64,Ganjil,2023
465651,MK557,96696,65,Ganjil,2020
819208,MK220,91592,97,Genap,2017
610714,MK433,88684,96,Genap,2020
819208,MK602,96696,55,Ganjil,2020
783117,MK498,63255,82,Genap,2015
552991,MK649,22960,73,Genap,2017
752351,MK519,96696,70,Genap,2021
811576,MK372,81901,86,Genap,2018
212375,MK433,61063,90,Genap,2015
968622,MK217,37092,87,Genap,2018
927246,MK220,26956,77,Genap,2020
174118,MK498,91592,79,Ganjil,2021
117387,MK557,58330,63,Genap,2017
530651,MK602,38876,85,Genap,2022
886549,MK433,96696,58,Genap,2020
323114,MK649,98953,87,Genap,2022
176292,MK561,61753,67,Genap,2020
365640,MK896,26470,94,Ganjil,2015
401033,MK161,19639,83,Genap,2022
952583,MK132,31395,53,Genap,2021
977690,MK372,45121,80,Genap,2018
725341,MK561,63255,63,Genap,2022
733060,MK557,80614,92,Ganjil,2020
447913,MK433,98953,52,Genap,2023
303984,MK127,11333,81,Genap,2018
308365,MK561,80028,65,Ganjil,2016
155176,MK372,82405,82,Ganjil,2021
264170,MK127,10585,83,Ganjil,2021
270136,MK896,71391,93,Genap,2017
883938,MK498,87883,73,Genap,2023
841763,MK596,10585,59,Ganjil,2021
927246,MK161,89658,95,Ganjil,2022
561547,MK649,19639,52,Ganjil,2020
247500,MK127,63348,86,Ganjil,2019
490149,MK561,89658,59,Ganjil,2016
595320,MK649,72482,53,Genap,2015
722507,MK372,39467,65,Ganjil,2017
928421,MK596,39817,88,Genap,2021
734260,MK596,13454,72,Genap,2016
420829,MK596,76340,50,Genap,2022
453578,MK519,56582,84,Genap,2019
194322,MK596,33924,94,Ganjil,2015
730105,MK955,53014,72,Genap,2019
669436,MK955,36871,65,Ganjil,2018
475673,MK557,61129,51,Ganjil,2015
512534,MK498,79737,92,Ganjil,2018
155654,MK132,39334,64,Genap,2017
300261,MK749,99639,71,Ganjil,2020
857373,MK557,26956,82,Genap,2015
312554,MK498,29694,87,Ganjil,2017
217373,MK596,39817,66,Genap,2016
579071,MK561,36304,100,Ganjil,2015
270136,MK749,91592,85,Ganjil,2017
984030,MK498,37890,51,Ganjil,2019
439452,MK557,62817,77,Ganjil,2022
130342,MK596,54172,94,Ganjil,2023
791175,MK596,94224,60,Genap,2023
128043,MK649,99639,89,Genap,2017
596215,MK372,80028,92,Genap,2018
903590,MK161,29694,80,Ganjil,2016
640733,MK896,11118,74,Genap,2022
302148,MK749,45278,73,Ganjil,2023
243999,MK749,33924,59,Genap,2021
666407,MK561,39467,86,Ganjil,2022
726623,MK649,38876,60,Ganjil,2017
801073,MK372,99639,88,Genap,2015
159951,MK132,56582,84,Ganjil,2017
643051,MK519,84333,63,Genap,2021
291329,MK161,33924,52,Ganjil,2015
390119,MK561,45278,94,Genap,2023
397918,MK556,67207,83,Genap,2023
569237,MK955,32720,65,Ganjil,2018
219107,MK220,89411,65,Ganjil,2022
617619,MK350,57252,74,Genap,2018
201101,MK132,51173,58,Ganjil,2015
613885,MK749,18975,54,Genap,2016
726623,MK749,61063,69,Genap,2016
759489,MK132,39817,51,Ganjil,2019
150433,MK355,76340,72,Genap,2018
525703,MK498,93046,51,Genap,2016
269205,MK955,22004,79,Ganjil,2019
133118,MK372,14773,95,Genap,2022
362472,MK350,72482,81,Ganjil,2018
518004,MK127,32214,84,Ganjil,2023
567203,MK372,62817,68,Genap,2022
647006,MK955,38895,77,Ganjil,2019
859307,MK132,85532,64,Ganjil,2021
930849,MK561,36871,68,Genap,2021
610714,MK561,39414,86,Ganjil,2023
845574,MK749,31395,98,Genap,2023
389665,MK749,79737,68,Ganjil,2021
280103,MK350,93046,65,Ganjil,2016
761515,MK557,71391,51,Ganjil,2023
812007,MK217,86076,92,Ganjil,2020
392847,MK433,20639,88,Genap,2016
809817,MK372,96696,80,Genap,2015
827391,MK127,98567,96,Genap,2019
290989,MK433,47751,54,Ganjil,2023
732737,MK127,99639,50,Genap,2019
877835,MK498,54847,52,Genap,2020
651788,MK132,26470,65,Ganjil,2021
757946,MK220,36871,53,Genap,2020
113657,MK433,29552,75,Ganjil,2019
479970,MK602,29552,53,Ganjil,2015
489763,MK372,40203,81,Genap,2017
548123,MK161,71391,77,Genap,2023
576594,MK596,61753,50,Genap,2016
349424,MK557,88684,59,Ganjil,2016
447913,MK596,53014,68,Ganjil,2015
166858,MK220,11333,60,Ganjil,2019
710385,MK649,51173,79,Ganjil,2022
540223,MK955,71391,75,Ganjil,2019
352033,MK220,88684,100,Genap,2021
485131,MK132,90185,66,Ganjil,2019
189372,MK127,32720,76,Genap,2021
883938,MK433,40203,92,Ganjil,2020
533103,MK556,58330,87,Genap,2019
147907,MK896,88684,90,Ganjil,2015
717943,MK596,90185,88,Genap,2023
412385,MK350,53014,70,Ganjil,2022
333384,MK127,84333,88,Genap,2018
152319,MK561,57064,59,Ganjil,2019
546364,MK372,85532,96,Genap,2018
893257,MK602,26956,67,Genap,2018
900190,MK498,14773,57,Ganjil,2019
215836,MK602,14527,86,Genap,2020
960982,MK955,18975,99,Genap,2019
877835,MK350,85532,98,Genap,2021
509967,MK217,27817,70,Ganjil,2020
605762,MK372,85532,70,Ganjil,2019
529831,MK132,89411,82,Ganjil,2022
911714,MK355,28619,54,Ganjil,2016
543858,MK561,88093,74,Ganjil,2023
748859,MK649,28619,82,Ganjil,2016
339911,MK596,54172,70,Ganjil,2022
317476,MK433,72482,69,Ganjil,2020
502636,MK649,33900,91,Ganjil,2022
336152,MK127,13934,100,Ganjil,2023
381234,MK896,61063,65,Ganjil,2020
427231,MK220,24836,74,Ganjil,2022
452938,MK749,11333,54,Ganjil,2015
919083,MK220,29694,93,Genap,2017
876181,MK220,53014,63,Ganjil,2021
372922,MK350,14773,62,Ganjil,2023
159747,MK749,85532,57,Genap,2020
754353,MK217,87883,63,Ganjil,2022
717856,MK896,32720,91,Ganjil,2021
692875,MK596,14773,50,Genap,2019
328676,MK955,85532,59,Ganjil,2020
711590,MK220,10585,74,Genap,2015
886971,MK127,72482,76,Ganjil,2015
132942,MK602,80614,83,Ganjil,2020
509549,MK433,31863,72,Ganjil,2022
653436,MK749,48407,54,Genap,2023
670677,MK217,40203,100,Ganjil,2022
617619,MK561,72482,81,Ganjil,2016
740920,MK896,93046,77,Genap,2023
980501,MK161,11333,92,Ganjil,2020
994046,MK220,81901,58,Genap,2018
654602,MK955,86114,62,Genap,2017
505479,MK350,18975,86,Ganjil,2022
485717,MK350,98567,83,Ganjil,2017
743295,MK602,47751,93,Genap,2021
209429,MK433,98567,51,Genap,2020
776361,MK749,47751,88,Ganjil,2015
170476,MK217,32214,87,Genap,2023
168236,MK749,39414,56,Genap,2019
963589,MK955,11118,54,Genap,2021
754719,MK372,81901,100,Ganjil,2023
475673,MK556,62817,83,Ganjil,2015
788942,MK217,39334,85,Genap,2016
524208,MK433,39425,69,Genap,2019
686455,MK749,57064,73,Genap,2021
522441,MK220,91592,98,Ganjil,2019
870174,MK355,85532,60,Ganjil,2023
874617,MK132,32720,64,Genap,2016
907887,MK127,79737,76,Ganjil,2020
797902,MK372,98582,69,Ganjil,2016
297603,MK161,13454,84,Ganjil,2022
670677,MK433,80614,61,Ganjil,2017
189334,MK896,82405,86,Genap,2021
489763,MK161,47751,92,Genap,2020
510917,MK355,89658,50,Ganjil,2022
724812,MK556,37092,80,Genap,2016
193698,MK596,78124,73,Ganjil,2018
222937,MK561,32720,58,Ganjil,2015
530213,MK372,54847,80,Ganjil,2017
902757,MK955,87883,80,Genap,2022
113701,MK350,61063,64,Ganjil,2018
291329,MK896,24836,84,Ganjil,2015
271733,MK161,83119,54,Genap,2017
845574,MK561,47751,86,Ganjil,2019
835641,MK220,48407,95,Ganjil,2017
868577,MK955,57252,73,Ganjil,2017
763003,MK556,88093,93,Genap,2019
785317,MK557,45121,89,Ganjil,2017
352033,MK355,45278,84,Genap,2018
720373,MK561,82405,72,Genap,2022
273541,MK161,63348,95,Ganjil,2020
274450,MK955,93046,77,Genap,2015
776818,MK355,66254,59,Genap,2018
621751,MK132,32720,74,Ganjil,2021
294065,MK372,84333,65,Ganjil,2021
367661,MK896,99639,84,Genap,2021
570157,MK749,54172,78,Genap,2017
266535,MK602,94224,55,Genap,2020
955329,MK955,39817,91,Ganjil,2023
659985,MK649,66254,61,Ganjil,2015
572930,MK556,39425,57,Genap,2017
945193,MK561,61753,52,Ganjil,2016
868577,MK217,93046,61,Ganjil,2021
654470,MK955,88684,50,Genap,2017
120912,MK557,86076,68,Ganjil,2023
780414,MK161,73505,53,Genap,2015
814521,MK602,62817,75,Ganjil,2020
544050,MK561,10585,90,Ganjil,2018
320450,MK161,25833,66,Ganjil,2015
162701,MK649,78124,70,Genap,2023
931827,MK372,58330,61,Ganjil,2019
547967,MK749,22004,67,Ganjil,2015
168236,MK556,31395,54,Ganjil,2015
868577,MK127,11118,75,Genap,2019
865484,MK596,98567,79,Ganjil,2022
320741,MK498,22004,63,Ganjil,2015
705500,MK127,89411,69,Ganjil,2017
942002,MK519,23975,55,Genap,2022
536817,MK372,40203,99,Genap,2016
559100,MK161,19639,62,Genap,2021
177513,MK602,47751,64,Genap,2019
489763,MK220,45278,75,Ganjil,2016
227316,MK896,54847,66,Ganjil,2021
724896,MK649,88093,58,Genap,2019
964438,MK498,13934,75,Ganjil,2020
495848,MK220,96696,64,Ganjil,2019
897345,MK519,82173,71,Genap,2021
268067,MK433,91592,94,Ganjil,2022
457471,MK220,76340,69,Genap,2018
158484,MK498,39425,81,Ganjil,2016
710659,MK649,61753,96,Ganjil,2023
927990,MK556,47751,50,Ganjil,2016
809817,MK132,11118,56,Genap,2019
938854,MK556,94224,74,Ganjil,2022
326336,MK557,86076,62,Genap,2018
512534,MK519,81901,96,Ganjil,2015
951281,MK557,27471,73,Ganjil,2019
683410,MK649,61063,96,Ganjil,2021
168726,MK556,36897,80,Genap,2019
209086,MK355,40203,53,Genap,2022
529617,MK217,33900,60,Ganjil,2020
984823,MK220,39334,90,Ganjil,2021
296669,MK556,62817,85,Ganjil,2022
732878,MK602,27471,57,Genap,2018
651788,MK557,22004,64,Ganjil,2021
236958,MK556,85028,63,Genap,2015
601026,MK220,84333,63,Genap,2021
311490,MK355,25479,87,Genap,2023
345541,MK433,79737,54,Genap,2020
562347,MK161,82405,68,Ganjil,2021
253667,MK649,28693,83,Genap,2016
827391,MK561,87883,52,Genap,2019
300261,MK127,39467,95,Genap,2023
755468,MK355,73505,68,Genap,2021
717943,MK498,37092,66,Genap,2022
788942,MK649,19639,94,Genap,2023
621844,MK519,54172,74,Genap,2016
558843,MK602,45278,63,Ganjil,2015
781569,MK127,54172,86,Ganjil,2022
902757,MK132,96696,89,Genap,2020
637493,MK519,47751,80,Genap,2022
493887,MK372,53014,67,Genap,2017
982603,MK561,11118,77,Ganjil,2021
725341,MK649,27817,50,Genap,2023
567169,MK561,73505,50,Ganjil,2016
885578,MK498,22004,79,Ganjil,2021
564316,MK602,72482,97,Genap,2017
193920,MK372,39817,66,Ganjil,2019
410791,MK561,33924,81,Ganjil,2018
328416,MK602,27817,92,Genap,2015
613885,MK557,39414,81,Ganjil,2015
410791,MK220,39414,99,Ganjil,2016
372922,MK556,39414,63,Ganjil,2016
401562,MK556,45121,90,Ganjil,2019
158484,MK132,38895,97,Genap,2022
524304,MK433,82173,54,Genap,2020
610336,MK132,86114,76,Genap,2015
699646,MK596,89658,53,Ganjil,2015
864485,MK519,39334,76,Ganjil,2020
558843,MK217,73505,94,Genap,2016
122737,MK955,33924,71,Ganjil,2022
155654,MK596,29552,55,Genap,2019
393405,MK602,48407,54,Ganjil,2021
199350,MK561,84333,54,Ganjil,2019
831011,MK596,18975,92,Ganjil,2017
524304,MK955,88684,82,Genap,2018
332641,MK519,84389,67,Ganjil,2018
686455,MK955,36871,62,Genap,2018
488547,MK602,33900,93,Ganjil,2023
801073,MK132,66254,85,Ganjil,2021
371284,MK955,91592,60,Genap,2018
989235,MK896,47751,95,Genap,2019
859373,MK372,45278,76,Ganjil,2023
291330,MK350,39334,68,Genap,2015
207042,MK127,32720,99,Genap,2022
952489,MK557,71391,67,Genap,2017
390951,MK519,25833,64,Ganjil,2023
850046,MK217,14773,67,Ganjil,2016
831254,MK602,80614,62,Ganjil,2017
960024,MK749,78124,89,Genap,2023
858296,MK602,72482,53,Ganjil,2021
458089,MK498,93046,72,Genap,2015
170476,MK127,98567,77,Ganjil,2022
106113,MK649,73505,92,Ganjil,2016
291329,MK896,26956,64,Ganjil,2017
220230,MK955,89411,80,Ganjil,2022
179807,MK355,82405,71,Genap,2023
743112,MK602,80614,87,Genap,2015
952583,MK161,33924,52,Ganjil,2016
456624,MK649,45121,81,Genap,2019
458089,MK132,40203,68,Ganjil,2019
900076,MK132,57252,52,Genap,2021
809891,MK127,66254,85,Genap,2015
469294,MK498,90185,94,Genap,2017
748859,MK161,25833,63,Genap,2018
570643,MK127,81901,98,Genap,2022
928421,MK498,37890,67,Genap,2018
232573,MK602,73505,69,Ganjil,2015
551203,MK557,22004,84,Genap,2021
625272,MK519,76340,67,Ganjil,2015
199350,MK220,36304,76,Ganjil,2022
311490,MK596,45278,51,Genap,2015
236729,MK161,29552,79,Genap,2017
890404,MK433,85028,67,Ganjil,2018
198137,MK557,28619,68,Genap,2019
651532,MK749,73505,67,Ganjil,2015
931827,MK557,84389,71,Ganjil,2015
441816,MK596,98582,90,Ganjil,2022
654602,MK372,28693,61,Genap,2017
559100,MK519,57064,62,Ganjil,2018
765342,MK557,88093,68,Genap,2017
177513,MK596,26470,73,Ganjil,2017
868577,MK556,13934,65,Ganjil,2019
266863,MK602,37890,88,Genap,2022
139405,MK556,82173,68,Genap,2021
462137,MK602,31395,58,Genap,2022
526979,MK372,11118,70,Ganjil,2016
374373,MK433,29552,94,Ganjil,2019
295306,MK749,58330,97,Ganjil,2017
232036,MK561,14527,62,Ganjil,2015
798456,MK372,33924,67,Genap,2019
455071,MK498,36871,87,Genap,2016
483702,MK355,58330,100,Ganjil,2015
128495,MK955,76340,70,Genap,2021
317439,MK649,54847,87,Genap,2022
374033,MK355,89411,92,Genap,2022
258590,MK355,37890,94,Ganjil,2023
903590,MK602,33900,96,Ganjil,2017
384331,MK557,62817,76,Genap,2020
209885,MK350,76340,76,Ganjil,2020
198137,MK749,13934,66,Ganjil,2022
145033,MK220,39467,54,Ganjil,2015
419736,MK602,90185,95,Genap,2021
758046,MK132,87883,97,Genap,2020
296669,MK350,19330,88,Genap,2023
771846,MK557,63255,62,Genap,2015
418336,MK498,45278,66,Genap,2023
975323,MK649,13461,66,Ganjil,2017
287440,MK217,88684,93,Genap,2019
266535,MK561,26470,66,Ganjil,2017
462137,MK749,13454,88,Ganjil,2022
538698,MK896,72482,55,Ganjil,2019
232573,MK132,98582,72,Genap,2017
328676,MK217,14773,91,Genap,2022
185047,MK498,36871,57,Genap,2017
882151,MK350,37092,61,Genap,2021
475684,MK355,54847,77,Genap,2019
885578,MK132,29694,57,Genap,2016
301907,MK602,80614,84,Genap,2015
370555,MK217,13461,82,Ganjil,2019
509549,MK556,40203,60,Genap,2020
860030,MK896,29552,61,Ganjil,2023
789278,MK955,45278,85,Genap,2017
177513,MK649,23975,81,Ganjil,2021
179807,MK561,98582,96,Genap,2015
948405,MK602,62817,61,Ganjil,2023
943011,MK132,87883,58,Genap,2015
458850,MK556,31395,84,Genap,2021
977773,MK350,56582,74,Genap,2016
726606,MK557,90185,53,Genap,2019
443193,MK132,96696,80,Ganjil,2022
264334,MK955,39334,98,Genap,2023
303837,MK498,99639,71,Ganjil,2020
485717,MK433,58330,98,Ganjil,2018
856801,MK749,20639,100,Ganjil,2015
868577,MK355,86114,52,Ganjil,2017
337197,MK161,45278,51,Ganjil,2019
269205,MK749,37890,53,Genap,2020
236958,MK596,99639,100,Genap,2018
544050,MK355,19330,97,Genap,2023
796075,MK519,47751,88,Genap,2023
710385,MK602,98953,92,Ganjil,2016
236502,MK498,19639,87,Ganjil,2021
100539,MK557,47751,88,Ganjil,2020
374063,MK217,80614,85,Genap,2015
100539,MK127,79737,87,Ganjil,2017
200926,MK649,62817,50,Genap,2016
420773,MK749,27471,58,Genap,2020
457252,MK561,27817,63,Ganjil,2018
523752,MK896,13461,94,Ganjil,2017
199312,MK132,56582,77,Genap,2019
986284,MK955,57064,98,Ganjil,2015
886971,MK127,87966,77,Ganjil,2019
629487,MK132,39467,65,Ganjil,2016
328416,MK749,36871,73,Ganjil,2017
996689,MK896,89658,68,Genap,2021
266535,MK220,80028,92,Genap,2017
150922,MK372,81901,71,Ganjil,2018
106113,MK355,91592,52,Ganjil,2018
534272,MK519,63255,55,Ganjil,2023
973378,MK749,79737,50,Genap,2015
942002,MK433,11118,95,Ganjil,2015
796075,MK749,80028,52,Genap,2021
759489,MK749,32214,80,Genap,2019
305338,MK519,71391,57,Ganjil,2017
458089,MK955,53014,96,Genap,2018
968622,MK896,45278,51,Ganjil,2018
303770,MK896,98567,72,Genap,2016
495848,MK649,96696,91,Ganjil,2023
160503,MK596,66254,93,Genap,2015
456624,MK498,86076,50,Genap,2021
730775,MK519,39467,87,Genap,2022
485717,MK433,45278,97,Ganjil,2020
485717,MK433,11118,61,Genap,2019
610336,MK519,67207,74,Ganjil,2016
864764,MK896,27817,72,Genap,2023
651532,MK498,39425,76,Genap,2017
317476,MK433,62817,65,Ganjil,2016
438854,MK649,83119,93,Genap,2023
209429,MK350,88684,66,Genap,2021
418336,MK557,61063,81,Genap,2017
328416,MK519,11333,85,Genap,2020
358357,MK561,84389,100,Ganjil,2015
907887,MK220,36897,84,Genap,2021
590071,MK355,98582,87,Genap,2021
902757,MK519,66254,92,Ganjil,2019
117387,MK127,20639,60,Ganjil,2023
333462,MK127,57252,89,Ganjil,2018
199312,MK433,13454,77,Ganjil,2020
724546,MK561,54847,52,Ganjil,2015
424429,MK556,88093,70,Genap,2015
438854,MK498,89658,79,Ganjil,2015
345541,MK955,76340,96,Genap,2020
174193,MK350,61129,93,Genap,2021
151113,MK217,84333,99,Ganjil,2023
140391,MK749,80614,74,Genap,2019
370464,MK372,26470,56,Ganjil,2022
103782,MK350,25479,98,Genap,2020
683550,MK749,80614,72,Genap,2016
317476,MK161,31863,57,Genap,2019
290144,MK955,45121,66,Ganjil,2015
222698,MK896,37890,69,Genap,2017
641392,MK132,84389,87,Genap,2019
489675,MK602,98953,52,Genap,2019
712475,MK749,87966,98,Ganjil,2020
332433,MK220,84333,88,Genap,2017
869157,MK649,93046,87,Ganjil,2020
185047,MK557,45121,98,Ganjil,2019
945087,MK498,89411,83,Genap,2017
303984,MK896,10585,71,Ganjil,2021
921076,MK350,80028,57,Ganjil,2017
345655,MK498,61129,65,Genap,2022
916473,MK649,94224,53,Genap,2021
741475,MK561,80614,85,Ganjil,2020
546364,MK372,25833,65,Genap,2022
865761,MK519,61063,77,Genap,2019
995780,MK557,13934,83,Genap,2015
696098,MK372,93046,72,Ganjil,2023
980501,MK519,99639,65,Ganjil,2022
722532,MK596,24836,52,Ganjil,2019
965102,MK132,37890,77,Genap,2015
289715,MK372,27817,59,Ganjil,2023
350107,MK896,20639,82,Ganjil,2020
162701,MK556,13454,61,Ganjil,2015
683550,MK127,98567,82,Genap,2018
312554,MK127,91592,89,Genap,2021
567169,MK498,48407,92,Ganjil,2015
549001,MK749,39425,60,Ganjil,2017
123762,MK220,27471,64,Ganjil,2020
801832,MK649,25479,68,Genap,2021
559846,MK127,37890,85,Ganjil,2019
780191,MK161,71391,68,Genap,2020
635137,MK519,82405,62,Genap,2018
716994,MK132,63348,57,Ganjil,2019
453785,MK556,48407,99,Genap,2018
120843,MK596,80028,70,Genap,2019
363701,MK955,39817,57,Genap,2016
570643,MK596,13934,57,Ganjil,2019
147336,MK220,85028,87,Genap,2021
973378,MK519,98582,81,Genap,2017
341582,MK217,14527,95,Genap,2015
628570,MK602,40203,80,Genap,2022
562481,MK557,24836,52,Genap,2021
530972,MK498,54847,100,Genap,2021
233553,MK220,82405,81,Ganjil,2015
151113,MK557,22004,82,Genap,2015
792675,MK350,80614,69,Genap,2016
831011,MK220,89658,83,Ganjil,2023
299904,MK355,28693,53,Genap,2020
115428,MK556,66254,76,Genap,2019
632400,MK220,91592,95,Genap,2017
685147,MK649,80028,57,Ganjil,2020
133118,MK498,81901,83,Ganjil,2023
717943,MK217,84333,56,Ganjil,2018
374063,MK372,84333,62,Ganjil,2017
718299,MK561,82405,50,Ganjil,2017
529617,MK955,79737,84,Ganjil,2016
723486,MK519,62817,76,Ganjil,2018
781569,MK132,48407,61,Genap,2015
732878,MK602,48407,88,Genap,2016
441782,MK350,28619,52,Genap,2018
809891,MK519,82173,66,Ganjil,2015
546364,MK161,25833,65,Ganjil,2017
893700,MK561,18975,71,Ganjil,2021
893257,MK350,47751,58,Ganjil,2015
655725,MK557,29694,85,Ganjil,2020
509163,MK372,25833,52,Genap,2018
968622,MK519,33924,70,Ganjil,2018
810040,MK955,10909,81,Genap,2017
310083,MK596,85532,82,Genap,2016
680819,MK372,73505,94,Ganjil,2016
723873,MK127,18975,59,Genap,2023
964438,MK602,22960,84,Ganjil,2018
345541,MK355,57064,51,Ganjil,2020
150433,MK132,47599,91,Ganjil,2018
568605,MK433,88684,69,Ganjil,2020
441322,MK596,39467,77,Genap,2021
482957,MK557,83119,66,Genap,2019
551885,MK519,91592,71,Genap,2018
984030,MK896,37890,91,Ganjil,2018
168726,MK220,37092,91,Genap,2017
874617,MK161,73505,90,Ganjil,2015
199579,MK556,11118,59,Genap,2020
437943,MK649,20639,62,Genap,2022
341572,MK602,57252,57,Ganjil,2019
960982,MK498,36304,54,Genap,2022
602342,MK896,53014,64,Genap,2016
568605,MK372,86114,67,Ganjil,2023
873653,MK556,94224,63,Ganjil,2017
253667,MK649,36304,54,Ganjil,2016
675625,MK355,90185,60,Ganjil,2021
226287,MK561,32720,72,Ganjil,2021
365246,MK498,62817,78,Genap,2017
624606,MK498,87883,60,Ganjil,2023
751716,MK355,62817,66,Genap,2019
985498,MK649,88093,84,Ganjil,2015
276207,MK355,45278,80,Ganjil,2021
236729,MK355,36304,85,Genap,2015
289715,MK127,87966,65,Genap,2020
222698,MK127,11333,63,Ganjil,2020
529617,MK433,23975,55,Genap,2021
619003,MK355,11118,50,Ganjil,2018
681779,MK561,94224,85,Genap,2018
996689,MK561,19330,73,Genap,2020
223520,MK350,19639,76,Genap,2017
175452,MK602,89411,98,Ganjil,2022
285864,MK132,80028,71,Genap,2018
339911,MK372,27471,92,Genap,2017
166975,MK498,99639,87,Genap,2021
449738,MK561,61129,95,Genap,2023
381721,MK557,25479,81,Ganjil,2017
285988,MK161,91592,80,Genap,2016
303770,MK556,26956,90,Ganjil,2015
692169,MK498,13934,94,Genap,2017
576594,MK896,11118,81,Genap,2022
320450,MK557,27817,66,Genap,2022
493918,MK649,88684,82,Ganjil,2020
330991,MK127,66254,53,Genap,2018
386706,MK161,62817,88,Ganjil,2022
781569,MK596,26956,83,Genap,2019
134478,MK217,86114,57,Genap,2019
742832,MK649,26956,88,Ganjil,2021
428607,MK498,88684,55,Genap,2022
541943,MK132,13934,61,Ganjil,2018
639931,MK896,93046,68,Genap,2015
722507,MK217,28619,98,Ganjil,2017
542103,MK498,63255,99,Ganjil,2017
809302,MK433,20639,88,Genap,2022
465651,MK519,22004,71,Genap,2019
663625,MK350,82405,52,Genap,2020
708314,MK127,37092,80,Ganjil,2015
842634,MK557,80028,52,Ganjil,2021
291534,MK749,80614,66,Genap,2018
155654,MK749,14527,74,Ganjil,2023
265187,MK217,86076,50,Ganjil,2018
273624,MK132,26470,77,Ganjil,2021
779014,MK649,13934,82,Ganjil,2017
267698,MK217,81901,91,Ganjil,2015
629255,MK561,39425,89,Genap,2016
174118,MK355,13934,56,Genap,2015
159747,MK161,45278,77,Ganjil,2022
779014,MK161,98953,56,Genap,2021
529617,MK433,82405,87,Genap,2019
743112,MK433,62817,91,Genap,2016
271733,MK602,28619,79,Ganjil,2019
771846,MK161,76340,51,Genap,2021
358596,MK372,81901,52,Genap,2023
354635,MK519,67207,96,Genap,2019
389653,MK217,37092,50,Genap,2018
956074,MK355,33924,78,Genap,2019
621459,MK649,82405,65,Genap,2015
650333,MK372,19639,70,Genap,2015
952194,MK596,79737,74,Ganjil,2018
233553,MK749,54847,92,Ganjil,2022
274450,MK355,48407,81,Ganjil,2016
268067,MK220,38876,81,Genap,2020
177513,MK372,98567,94,Genap,2020
889788,MK433,61129,90,Genap,2023
544050,MK649,27471,97,Genap,2019
291330,MK220,40203,55,Ganjil,2021
581620,MK602,54172,53,Ganjil,2021
486643,MK220,39334,85,Genap,2019
254872,MK355,57064,97,Ganjil,2021
927990,MK557,86076,81,Ganjil,2017
364708,MK749,37890,53,Ganjil,2019
565679,MK127,23975,55,Genap,2021
711590,MK220,57252,71,Ganjil,2020
796075,MK557,32720,86,Ganjil,2019
524304,MK217,85532,51,Ganjil,2019
407934,MK372,19330,100,Genap,2020
920195,MK649,88684,84,Genap,2015
638001,MK556,61063,74,Ganjil,2019
645326,MK749,31395,55,Ganjil,2021
723873,MK896,54847,78,Genap,2016
290020,MK132,39425,73,Ganjil,2023
402625,MK350,32720,57,Genap,2016
220388,MK602,93046,69,Ganjil,2023
273541,MK355,25479,69,Ganjil,2023
685147,MK355,85532,97,Ganjil,2021
499490,MK896,26470,58,Ganjil,2022
839796,MK649,31395,50,Genap,2019
401033,MK649,20639,60,Genap,2018
624606,MK161,67207,88,Genap,2021
542103,MK127,10909,68,Ganjil,2017
930177,MK127,57064,72,Ganjil,2021
215683,MK127,14527,88,Ganjil,2015
643051,MK220,14773,64,Genap,2022
986284,MK602,85028,94,Ganjil,2023
437164,MK433,78124,71,Genap,2022
374373,MK217,20639,52,Genap,2023
952583,MK350,37092,74,Genap,2018
980070,MK596,38876,51,Genap,2020
264170,MK161,80614,72,Ganjil,2022
332433,MK955,29694,55,Genap,2021
462480,MK955,26470,76,Ganjil,2022
685147,MK519,45121,81,Ganjil,2018
201101,MK350,61753,62,Genap,2022
766476,MK556,28693,67,Genap,2021
360907,MK519,24836,52,Genap,2020
872495,MK132,45278,79,Genap,2023
457252,MK498,14773,68,Ganjil,2016
628799,MK955,22960,84,Genap,2019
574752,MK132,39817,81,Ganjil,2019
363701,MK556,33900,94,Genap,2016
777785,MK519,84333,63,Ganjil,2019
335252,MK127,66254,72,Ganjil,2021
203138,MK355,87883,99,Ganjil,2022
100859,MK556,54847,53,Ganjil,2022
901654,MK519,80028,98,Ganjil,2020
570337,MK132,14527,93,Ganjil,2022
509163,MK557,22004,85,Genap,2021
550583,MK519,36897,97,Genap,2023
920195,MK161,36871,90,Ganjil,2021
525884,MK749,10909,66,Ganjil,2023
621844,MK132,38895,90,Genap,2017
443193,MK596,10909,90,Genap,2015
667014,MK217,61753,55,Ganjil,2021
865635,MK372,67207,94,Ganjil,2020
732737,MK498,72482,75,Genap,2015
194821,MK556,99639,70,Ganjil,2021
349137,MK556,82173,88,Ganjil,2020
996689,MK955,31395,52,Ganjil,2017
236958,MK596,56582,88,Ganjil,2020
463624,MK896,58330,54,Genap,2016
324448,MK161,90185,77,Ganjil,2023
835641,MK596,14527,67,Ganjil,2021
613885,MK498,66254,75,Genap,2021
345259,MK557,80028,77,Ganjil,2017
892816,MK602,38876,86,Ganjil,2017
333462,MK217,14773,77,Genap,2018
799762,MK350,33924,55,Genap,2018
798456,MK220,31395,86,Genap,2023
606732,MK220,37890,91,Genap,2022
441816,MK161,71391,54,Genap,2021
145033,MK561,24836,63,Ganjil,2019
120843,MK556,45121,80,Ganjil,2018
974260,MK557,39817,92,Genap,2017
720008,MK220,14527,72,Ganjil,2016
951222,MK433,53014,51,Genap,2021
927246,MK749,27817,71,Genap,2021
357473,MK955,85028,53,Ganjil,2021
389665,MK602,19639,92,Ganjil,2018
237040,MK649,85532,86,Genap,2017
995103,MK749,61129,72,Ganjil,2017
787972,MK596,98567,70,Ganjil,2016
265529,MK519,91592,99,Genap,2023
390119,MK355,39334,100,Genap,2019
162701,MK350,71391,69,Ganjil,2020
988128,MK355,67207,92,Genap,2022
303857,MK561,86114,87,Ganjil,2023
229456,MK161,18975,56,Ganjil,2015
963823,MK220,91592,78,Ganjil,2016
958671,MK161,47599,57,Ganjil,2016
389333,MK557,28619,86,Ganjil,2021
886971,MK350,36871,92,Genap,2015
423085,MK602,90185,77,Genap,2022
271733,MK896,39334,50,Ganjil,2022
148849,MK556,13454,92,Ganjil,2022
429693,MK749,36897,88,Genap,2015
418356,MK749,88684,81,Genap,2015
901654,MK498,31863,53,Genap,2018
384216,MK132,78124,50,Genap,2017
724812,MK217,28619,76,Ganjil,2022
296252,MK519,98953,86,Ganjil,2016
148849,MK498,62817,97,Ganjil,2017
980501,MK350,73505,63,Genap,2016
512534,MK896,22960,84,Genap,2022
421040,MK955,82173,92,Genap,2016
927990,MK498,26956,76,Genap,2021
276207,MK433,39334,86,Genap,2023
549001,MK355,29552,58,Ganjil,2022
365640,MK557,71391,88,Genap,2015
350107,MK127,13934,99,Ganjil,2021
380739,MK602,13461,77,Genap,2015
384652,MK561,27471,86,Ganjil,2015
456624,MK132,61063,59,Ganjil,2015
427157,MK350,22004,87,Ganjil,2016
865761,MK498,45121,76,Ganjil,2019
193698,MK498,36304,75,Genap,2016
401562,MK127,25833,71,Genap,2023
345655,MK127,39334,56,Genap,2023
795903,MK220,14527,85,Ganjil,2022
491039,MK896,29552,88,Genap,2021
526108,MK433,27471,98,Ganjil,2015
463207,MK132,57064,82,Ganjil,2023
531443,MK161,28693,59,Genap,2017
724896,MK127,22960,87,Ganjil,2022
952020,MK556,47599,61,Genap,2023
119864,MK556,58330,65,Ganjil,2023
943193,MK596,67207,92,Ganjil,2019
666407,MK498,28619,69,Ganjil,2021
130745,MK217,39817,93,Genap,2016
574199,MK372,10909,69,Ganjil,2017
659985,MK749,20639,94,Ganjil,2017
174118,MK161,25479,64,Ganjil,2023
624606,MK896,22004,50,Ganjil,2015
596215,MK955,48407,97,Ganjil,2018
324448,MK161,45278,78,Ganjil,2017
427231,MK955,98953,80,Genap,2018
975323,MK498,24836,55,Genap,2022
488329,MK896,88684,61,Ganjil,2021
552991,MK749,28693,89,Genap,2019
763003,MK955,24836,95,Genap,2022
778532,MK127,71391,60,Ganjil,2015
943193,MK127,58330,92,Genap,2020
384652,MK220,29552,96,Ganjil,2019
291329,MK955,39817,61,Genap,2020
199579,MK220,39467,91,Ganjil,2021
291329,MK602,28619,67,Genap,2021
754719,MK602,67207,81,Ganjil,2022
134478,MK955,28693,72,Ganjil,2015
848811,MK127,89411,65,Ganjil,2018
310918,MK602,79737,70,Genap,2018
630891,MK498,33924,86,Ganjil,2016
913323,MK519,81901,86,Ganjil,2019
246671,MK896,45278,78,Genap,2022
814521,MK127,58330,91,Genap,2019
752351,MK220,67207,93,Genap,2020
232573,MK433,47751,77,Genap,2020
535153,MK519,51173,77,Genap,2021
227316,MK217,11333,98,Genap,2023
579723,MK132,80028,91,Genap,2018
619003,MK596,57252,78,Genap,2017
943011,MK220,19639,57,Genap,2023
654470,MK498,47599,50,Ganjil,2017
168726,MK896,87883,88,Ganjil,2023
910772,MK220,32214,50,Genap,2023
519343,MK350,19639,96,Ganjil,2016
842233,MK372,32214,92,Ganjil,2015
870058,MK602,39817,60,Genap,2017
930177,MK955,33900,74,Genap,2021
959855,MK433,39425,93,Ganjil,2018
374373,MK649,53014,90,Ganjil,2023
965102,MK557,54847,85,Genap,2017
496574,MK372,85028,69,Genap,2016
955141,MK498,89411,73,Genap,2018
569549,MK217,87966,57,Genap,2015
286405,MK556,33924,79,Ganjil,2023
882151,MK896,14773,100,Ganjil,2015
271733,MK161,47751,51,Ganjil,2022
138571,MK896,47599,54,Ganjil,2017
845574,MK355,38895,70,Genap,2017
310918,MK561,91592,75,Genap,2018
994760,MK132,36304,82,Ganjil,2016
107678,MK955,24836,58,Genap,2016
968622,MK602,94224,55,Ganjil,2019
158120,MK220,33900,52,Genap,2018
846922,MK220,93046,83,Genap,2020
459384,MK955,14527,63,Genap,2018
755470,MK217,36897,76,Ganjil,2016
258841,MK217,58330,55,Ganjil,2022
264170,MK602,82405,92,Genap,2022
994760,MK519,90185,80,Genap,2020
579071,MK896,53014,86,Genap,2022
859766,MK749,13454,54,Genap,2021
749807,MK217,81901,54,Ganjil,2018
221577,MK602,51173,78,Genap,2018
965128,MK217,39334,62,Genap,2020
878653,MK649,82405,89,Ganjil,2020
984025,MK220,86114,95,Genap,2017
872495,MK896,57252,56,Genap,2022
768089,MK132,58330,93,Genap,2016
958322,MK649,29552,82,Genap,2022
743112,MK433,84389,95,Ganjil,2021
291329,MK557,27471,60,Ganjil,2023
709920,MK519,39334,59,Ganjil,2019
610009,MK372,14773,72,Genap,2022
654602,MK602,63255,50,Genap,2023
158941,MK355,61753,89,Ganjil,2021
982697,MK433,53014,80,Ganjil,2023
864485,MK749,23975,54,Genap,2022
907887,MK561,57064,72,Ganjil,2020
961997,MK217,88093,52,Genap,2020
211449,MK556,61063,83,Genap,2022
317476,MK350,73505,90,Ganjil,2019
166858,MK161,27817,86,Genap,2020
358596,MK220,85532,87,Ganjil,2023
208253,MK433,27471,76,Ganjil,2018
502636,MK350,14773,90,Genap,2019
767101,MK127,98567,85,Ganjil,2017
551885,MK649,38876,86,Ganjil,2019
723486,MK649,91592,83,Genap,2022
162701,MK161,62817,50,Genap,2017
236244,MK596,39334,68,Genap,2020
185047,MK161,66254,82,Genap,2020
457471,MK896,87883,65,Ganjil,2019
876181,MK433,31863,70,Ganjil,2016
746035,MK372,24836,95,Genap,2016
374033,MK649,10585,68,Ganjil,2015
982603,MK896,22960,74,Genap,2020
685147,MK556,82405,61,Genap,2017
357473,MK372,53014,64,Ganjil,2021
680819,MK557,48407,53,Ganjil,2016
968622,MK896,84333,77,Ganjil,2022
999673,MK649,54172,51,Genap,2015
776361,MK519,86114,87,Genap,2022
958322,MK519,91592,55,Genap,2022
219107,MK355,24836,72,Genap,2017
621844,MK519,89411,82,Genap,2015
950821,MK519,85028,97,Genap,2023
856995,MK596,73505,89,Genap,2021
982603,MK557,40203,85,Genap,2018
328676,MK519,58330,80,Ganjil,2017
297603,MK132,94224,64,Ganjil,2019
357680,MK355,22004,73,Ganjil,2023
969989,MK433,99639,61,Ganjil,2016
575353,MK220,29552,75,Genap,2017
730775,MK602,80028,100,Ganjil,2017
809934,MK896,38895,92,Genap,2022
548123,MK561,28619,95,Genap,2017
885578,MK955,32214,65,Ganjil,2019
115428,MK649,27471,86,Ganjil,2022
955179,MK498,23975,62,Ganjil,2016
613885,MK350,48407,84,Ganjil,2016
873049,MK556,37092,76,Ganjil,2023
154075,MK350,36871,73,Genap,2022
647006,MK561,83119,67,Ganjil,2016
982697,MK132,61753,98,Ganjil,2015
160503,MK372,28693,51,Ganjil,2015
988128,MK556,10585,80,Genap,2015
429693,MK350,37092,80,Genap,2019
390119,MK602,39334,92,Ganjil,2017
247097,MK372,24836,95,Genap,2017
558802,MK433,84333,56,Ganjil,2018
193716,MK433,78124,92,Genap,2020
560370,MK433,39414,81,Ganjil,2017
364708,MK433,82173,82,Genap,2016
423085,MK602,78124,99,Genap,2022
663625,MK955,72482,99,Ganjil,2016
883938,MK749,22004,56,Genap,2021
796053,MK132,89658,69,Ganjil,2023
761955,MK350,39425,96,Genap,2021
436343,MK220,39467,68,Ganjil,2020
778532,MK557,56582,79,Ganjil,2022
792675,MK372,88093,77,Genap,2016
859796,MK896,10585,61,Ganjil,2018
236958,MK519,99639,62,Genap,2020
621844,MK556,99639,71,Ganjil,2015
606732,MK749,10585,63,Genap,2016
831204,MK519,18975,86,Genap,2015
985498,MK649,63255,71,Genap,2016
842023,MK220,53014,52,Ganjil,2018
746035,MK561,88093,60,Ganjil,2016
525884,MK896,18975,91,Genap,2019
900190,MK557,86076,83,Genap,2020
344949,MK602,88093,100,Ganjil,2019
389653,MK649,73505,58,Genap,2021
710659,MK433,27817,87,Genap,2020
573689,MK519,82405,65,Genap,2016
301371,MK127,38876,55,Ganjil,2018
139567,MK220,56582,100,Ganjil,2019
930849,MK602,66254,58,Genap,2019
982603,MK561,14773,85,Ganjil,2021
772580,MK557,88093,54,Genap,2021
245530,MK355,63255,97,Genap,2023
792675,MK602,84389,91,Genap,2023
260230,MK596,38876,100,Genap,2021
751716,MK602,28619,88,Ganjil,2018
394041,MK602,39467,68,Genap,2016
384216,MK350,63255,74,Ganjil,2016
573645,MK132,73505,74,Genap,2021
193716,MK556,39414,99,Ganjil,2021
489763,MK519,37092,67,Genap,2016
907887,MK498,76340,85,Ganjil,2019
901654,MK220,84389,73,Ganjil,2022
123809,MK127,11333,54,Ganjil,2020
558843,MK556,27471,86,Ganjil,2023
443193,MK220,39425,90,Ganjil,2015
842233,MK649,93046,50,Ganjil,2015
265529,MK127,29694,59,Genap,2021
980501,MK498,37890,55,Genap,2021
632690,MK519,13454,90,Ganjil,2017
199312,MK602,83119,50,Genap,2018
937151,MK749,33924,74,Genap,2018
291329,MK602,98567,58,Ganjil,2021
357215,MK355,89658,95,Genap,2021
819208,MK561,63348,54,Ganjil,2017
610714,MK350,36897,50,Ganjil,2016
718299,MK596,22004,97,Ganjil,2020
561547,MK372,94224,87,Ganjil,2021
354635,MK561,32214,79,Genap,2019
362121,MK955,22960,85,Ganjil,2018
389333,MK127,11333,83,Genap,2020
394041,MK355,36871,94,Ganjil,2022
177513,MK217,85028,68,Genap,2017
943193,MK350,28693,92,Genap,2019
725341,MK556,47751,55,Ganjil,2017
982697,MK561,73505,100,Ganjil,2017
755470,MK602,89411,65,Ganjil,2016
549001,MK557,13934,91,Genap,2019
421040,MK355,31863,60,Genap,2021
273624,MK217,32720,65,Ganjil,2023
587963,MK556,39817,98,Ganjil,2018
820300,MK749,98953,61,Genap,2015
384652,MK556,25833,99,Ganjil,2015
955141,MK519,81901,60,Ganjil,2015
464887,MK596,57252,97,Genap,2017
708314,MK372,63255,67,Ganjil,2022
269166,MK161,57064,74,Ganjil,2017
681779,MK355,25479,90,Ganjil,2015
743112,MK561,29694,92,Ganjil,2021
237040,MK649,94224,81,Genap,2022
945087,MK372,56582,66,Ganjil,2016
183317,MK896,25833,86,Genap,2018
490149,MK355,48407,53,Genap,2021
864764,MK896,13454,59,Ganjil,2019
132942,MK596,47751,62,Genap,2016
362472,MK127,90185,83,Genap,2021
510917,MK350,39414,88,Ganjil,2020
801832,MK557,26956,69,Genap,2016
560370,MK433,22960,54,Genap,2015
289715,MK561,26956,77,Genap,2019
952020,MK556,20639,65,Genap,2020
989235,MK217,54847,89,Ganjil,2021
232528,MK896,13454,81,Genap,2022
943861,MK350,33900,80,Ganjil,2016
290020,MK217,39817,50,Genap,2019
724546,MK955,84333,99,Ganjil,2023
688420,MK519,39817,70,Genap,2022
730775,MK519,85532,61,Genap,2022
471733,MK433,62817,67,Ganjil,2019
936954,MK217,84389,65,Ganjil,2022
989309,MK350,57252,71,Genap,2017
742832,MK596,40203,90,Ganjil,2021
420773,MK519,13454,94,Ganjil,2018
859766,MK372,61129,72,Ganjil,2022
860030,MK561,67207,74,Genap,2017
290144,MK498,36871,71,Ganjil,2022
100859,MK596,45121,79,Genap,2016
514836,MK350,88093,78,Ganjil,2019
174638,MK350,10585,86,Genap,2018
746091,MK217,31863,74,Genap,2017
239895,MK649,31863,51,Ganjil,2021
859373,MK355,28619,56,Genap,2017
792675,MK557,10909,97,Ganjil,2015
429693,MK355,48407,58,Ganjil,2015
115287,MK161,28619,84,Ganjil,2018
265187,MK355,63255,97,Ganjil,2017
796053,MK355,84333,98,Ganjil,2023
345541,MK561,73505,83,Genap,2021
986284,MK896,80614,76,Genap,2022
651788,MK955,73505,65,Ganjil,2016
285864,MK433,20639,85,Ganjil,2022
317476,MK749,96696,99,Genap,2020
655723,MK372,31395,58,Genap,2023
215836,MK433,66254,62,Ganjil,2018
100539,MK355,61753,96,Genap,2023
283289,MK557,87883,52,Ganjil,2021
340338,MK498,32214,78,Genap,2016
230745,MK602,48407,89,Genap,2023
326670,MK217,39334,79,Genap,2023
676322,MK372,31863,71,Ganjil,2019
965102,MK433,26956,60,Genap,2016
951281,MK896,80028,73,Genap,2020
534272,MK498,82173,60,Genap,2022
833710,MK498,33924,54,Genap,2023
523752,MK749,89658,75,Ganjil,2018
708314,MK350,89658,70,Ganjil,2022
852750,MK896,28693,79,Ganjil,2022
232573,MK127,18975,89,Genap,2018
462480,MK557,19330,52,Ganjil,2016
708314,MK355,76340,70,Genap,2018
775125,MK498,33924,64,Genap,2016
508442,MK498,10585,64,Genap,2020
562481,MK749,20639,55,Genap,2023
227316,MK596,86114,81,Genap,2016
543858,MK602,57064,100,Genap,2017
986162,MK355,45278,72,Genap,2022
580362,MK433,84389,76,Genap,2023
827045,MK350,10909,69,Ganjil,2020
707503,MK498,33924,97,Genap,2021
948405,MK649,76340,66,Genap,2015
558843,MK372,73505,51,Genap,2019
912628,MK220,62817,92,Genap,2021
809817,MK433,40203,56,Ganjil,2018
134766,MK350,90185,97,Ganjil,2019
289443,MK557,13454,65,Genap,2020
779801,MK372,86114,62,Ganjil,2020
876181,MK161,47751,59,Ganjil,2020
418356,MK602,82173,58,Genap,2021
373830,MK220,73505,95,Genap,2017
479970,MK132,84333,85,Genap,2015
851255,MK896,87883,58,Ganjil,2015
530651,MK433,86076,56,Ganjil,2019
601026,MK749,11118,52,Genap,2022
865484,MK132,96696,84,Genap,2015
262874,MK161,53014,93,Genap,2021
613885,MK132,18975,59,Genap,2018
412005,MK556,14773,81,Ganjil,2015
764081,MK220,40203,68,Genap,2021
189334,MK350,14527,79,Ganjil,2017
977690,MK217,47599,99,Genap,2023
757946,MK556,22960,73,Genap,2019
896865,MK519,88684,59,Ganjil,2015
543858,MK596,84389,69,Ganjil,2020
115263,MK561,13454,65,Ganjil,2022
123762,MK519,86076,91,Ganjil,2017
593754,MK556,54172,74,Genap,2020
777785,MK350,81901,53,Ganjil,2021
215836,MK355,36304,55,Ganjil,2021
529617,MK350,23975,58,Ganjil,2021
174638,MK220,38895,50,Ganjil,2018
311490,MK372,14527,53,Ganjil,2020
488329,MK498,26956,55,Ganjil,2017
951281,MK217,25833,67,Genap,2023
977690,MK161,36897,99,Ganjil,2017
371060,MK896,47751,89,Ganjil,2023
903590,MK161,39425,64,Genap,2015
126992,MK649,61063,79,Ganjil,2022
655723,MK132,25833,80,Genap,2018
194821,MK127,67207,91,Ganjil,2016
457471,MK602,79737,87,Genap,2017
311490,MK127,26956,61,Genap,2016
510917,MK498,29552,59,Ganjil,2021
546639,MK127,63255,77,Genap,2018
524303,MK955,91592,81,Ganjil,2018
562347,MK749,54847,65,Ganjil,2019
546639,MK519,72482,94,Genap,2019
651255,MK350,10585,87,Ganjil,2023
151878,MK955,28619,72,Ganjil,2019
856995,MK561,66254,82,Ganjil,2020
365246,MK557,78124,92,Genap,2021
405371,MK896,66254,87,Ganjil,2023
358357,MK602,39467,68,Genap,2020
850046,MK355,98582,90,Genap,2020
565679,MK127,33924,86,Ganjil,2021
291330,MK896,54172,97,Genap,2023
639931,MK161,87966,80,Genap,2022
265187,MK350,36871,85,Genap,2023
288796,MK649,89658,53,Ganjil,2017
795903,MK217,85028,98,Ganjil,2023
312554,MK561,39414,68,Ganjil,2023
232573,MK519,99639,65,Ganjil,2015
301907,MK955,89658,55,Ganjil,2020
827391,MK127,90185,61,Genap,2017
133118,MK132,78124,96,Ganjil,2016
495848,MK556,96696,99,Genap,2020
193698,MK596,87966,99,Ganjil,2018
196034,MK433,13461,78,Ganjil,2023
900190,MK602,47599,79,Ganjil,2016
189334,MK596,24836,65,Genap,2016
831011,MK127,32720,93,Genap,2016
754581,MK896,39467,61,Ganjil,2022
536817,MK649,20639,78,Genap,2015
229456,MK132,24836,51,Ganjil,2015
509549,MK602,31395,98,Genap,2017
350107,MK602,63348,83,Genap,2023
289715,MK649,99639,86,Genap,2018
625272,MK596,28693,50,Genap,2015
799762,MK749,10909,66,Genap,2018
945193,MK372,90185,99,Genap,2023
772580,MK433,71391,89,Genap,2020
722532,MK217,27817,68,Genap,2016
932792,MK372,25479,57,Ganjil,2018
543608,MK596,29694,90,Genap,2020
200926,MK896,26470,63,Genap,2018
743112,MK602,51173,87,Ganjil,2016
655955,MK556,91592,54,Ganjil,2022
727576,MK127,26470,78,Ganjil,2016
968622,MK649,98582,79,Genap,2016
965397,MK498,25479,80,Ganjil,2021
374063,MK561,18975,84,Genap,2015
256585,MK498,10585,92,Genap,2023
859373,MK220,47599,78,Ganjil,2020
317439,MK161,57064,96,Genap,2018
357680,MK217,37092,73,Genap,2017
297603,MK217,71391,73,Genap,2019
358596,MK649,10585,100,Genap,2023
341522,MK602,45121,74,Genap,2021
194516,MK127,13461,85,Ganjil,2021
294065,MK955,13454,75,Ganjil,2016
256585,MK220,94224,73,Ganjil,2018
117387,MK372,96696,64,Ganjil,2020
650260,MK556,63255,92,Ganjil,2016
665533,MK556,87883,67,Ganjil,2020
358357,MK556,24836,79,Ganjil,2022
839796,MK649,25833,95,Genap,2021
966782,MK557,87883,85,Ganjil,2022
243063,MK161,58330,83,Ganjil,2017
197446,MK433,81901,63,Ganjil,2016
621751,MK602,25833,94,Genap,2018
965397,MK557,80028,93,Ganjil,2016
236244,MK355,33924,50,Ganjil,2021
412005,MK557,86114,100,Genap,2022
237040,MK372,61753,79,Ganjil,2017
345541,MK955,32214,64,Ganjil,2022
692875,MK557,39414,51,Ganjil,2021
752351,MK161,90185,93,Ganjil,2016
524304,MK132,81901,64,Genap,2018
489675,MK372,29552,63,Ganjil,2019
916227,MK132,93046,88,Ganjil,2023
237018,MK649,33924,57,Ganjil,2023
427231,MK556,14527,89,Genap,2023
243999,MK217,22960,73,Genap,2015
514836,MK896,38895,74,Ganjil,2015
485717,MK896,87883,93,Ganjil,2015
283945,MK896,32214,98,Genap,2022
621844,MK556,39817,53,Genap,2017
349383,MK217,19330,70,Genap,2022
593754,MK217,99639,54,Ganjil,2023
655955,MK557,39817,60,Ganjil,2018
848811,MK127,11118,98,Genap,2018
295117,MK557,11333,57,Ganjil,2018
159802,MK220,80614,76,Ganjil,2015
458850,MK433,14773,82,Ganjil,2022
789278,MK161,82405,56,Ganjil,2016
716742,MK127,66254,94,Ganjil,2016
645326,MK556,73505,54,Ganjil,2016
538698,MK596,14773,90,Ganjil,2018
989176,MK355,22960,54,Ganjil,2022
575727,MK602,53014,90,Ganjil,2018
290020,MK498,19330,89,Ganjil,2016
299904,MK955,31395,89,Ganjil,2021
139945,MK749,86114,63,Ganjil,2018
968622,MK602,19330,52,Genap,2017
675625,MK350,63255,68,Genap,2020
136958,MK896,63348,75,Genap,2022
748859,MK433,71391,53,Ganjil,2019
309226,MK132,19639,94,Genap,2021
360907,MK557,27817,50,Genap,2016
561144,MK556,80614,50,Genap,2017
692169,MK433,36304,99,Ganjil,2018
523752,MK127,39334,58,Genap,2019
182800,MK355,13934,50,Ganjil,2015
754353,MK519,54847,90,Ganjil,2020
859307,MK220,38876,100,Ganjil,2015
209885,MK557,90185,53,Genap,2023
453785,MK649,88684,76,Ganjil,2021
194516,MK217,61063,90,Ganjil,2015
734260,MK498,36897,76,Ganjil,2019
819208,MK498,83119,90,Genap,2023
752351,MK350,29694,84,Genap,2018
300665,MK596,89411,59,Genap,2021
463207,MK561,84389,82,Ganjil,2015
133118,MK749,87966,55,Ganjil,2022
174193,MK602,82173,73,Ganjil,2019
138117,MK556,47751,51,Ganjil,2015
467154,MK217,83119,92,Genap,2016
959855,MK127,61063,65,Ganjil,2020
809302,MK132,33900,57,Genap,2019
648772,MK749,82173,71,Genap,2016
309006,MK132,19639,59,Genap,2021
772046,MK433,53014,53,Ganjil,2019
551885,MK498,26956,88,Ganjil,2015
559846,MK955,47751,81,Ganjil,2015
341522,MK749,24836,69,Ganjil,2018
913323,MK498,56582,50,Genap,2020
458089,MK355,33900,99,Genap,2017
266863,MK649,54172,72,Genap,2018
503277,MK749,29694,100,Genap,2021
171394,MK519,31863,64,Ganjil,2019
958322,MK220,73505,85,Genap,2023
722507,MK217,87966,57,Ganjil,2020
894917,MK596,61063,83,Ganjil,2021
625272,MK220,13934,94,Ganjil,2017
595320,MK602,28619,85,Genap,2022
570643,MK132,58330,93,Genap,2019
335252,MK602,91592,54,Genap,2022
211449,MK498,26470,70,Genap,2019
952583,MK556,98953,61,Genap,2021
488369,MK217,96696,54,Ganjil,2022
245530,MK561,22960,58,Genap,2019
606732,MK372,72482,51,Genap,2017
392847,MK217,91592,78,Genap,2017
999673,MK556,86076,95,Ganjil,2022
508152,MK372,61063,61,Ganjil,2015
113657,MK161,85532,100,Ganjil,2018
280103,MK220,36304,53,Genap,2016
861818,MK372,13454,69,Ganjil,2016
945193,MK350,89411,89,Ganjil,2015
730296,MK955,89411,79,Genap,2018
287440,MK217,67207,81,Genap,2022
389333,MK649,27471,68,Ganjil,2019
669436,MK602,85532,64,Genap,2020
418336,MK557,63255,51,Genap,2022
159802,MK217,71391,56,Genap,2015
715480,MK132,96696,80,Genap,2023
543608,MK127,58330,88,Ganjil,2019
551885,MK649,54172,91,Genap,2017
541943,MK132,88093,93,Ganjil,2017
530213,MK557,28693,61,Genap,2023
159951,MK217,73505,90,Ganjil,2015
891908,MK350,10585,58,Genap,2020
423085,MK596,10909,53,Genap,2023
299904,MK132,29694,99,Ganjil,2018
341522,MK498,28619,71,Ganjil,2018
857030,MK556,94224,61,Genap,2018
390119,MK649,89658,70,Genap,2018
954723,MK596,67207,93,Genap,2018
220388,MK955,72482,71,Ganjil,2015
548123,MK556,98953,93,Genap,2017
399694,MK350,26470,70,Ganjil,2020
141951,MK161,31863,58,Ganjil,2017
410283,MK217,13934,78,Genap,2023
358596,MK350,76340,61,Ganjil,2016
324774,MK557,84389,66,Ganjil,2020
328676,MK649,47599,68,Ganjil,2022
644554,MK355,25833,94,Genap,2021
954723,MK519,61753,81,Ganjil,2017
533103,MK557,10909,66,Ganjil,2022
339911,MK161,63348,100,Ganjil,2018
123809,MK127,27817,58,Ganjil,2017
332433,MK217,87966,68,Genap,2017
994046,MK498,33924,85,Genap,2015
771846,MK561,56582,86,Ganjil,2020
595926,MK649,86076,51,Ganjil,2020
561547,MK498,25833,80,Genap,2019
663625,MK519,80028,68,Ganjil,2022
980501,MK519,82173,79,Genap,2015
883938,MK596,14527,63,Ganjil,2016
980501,MK649,84333,93,Ganjil,2019
963589,MK161,28619,66,Genap,2016
524208,MK749,61063,84,Genap,2017
905223,MK127,19330,65,Genap,2022
146147,MK519,11118,92,Ganjil,2018
475673,MK161,61129,69,Genap,2023
730296,MK498,90185,78,Genap,2019
467154,MK127,94224,54,Genap,2016
943522,MK556,67207,85,Ganjil,2021
624606,MK561,13461,92,Genap,2017
302148,MK355,24836,70,Genap,2018
380739,MK749,90185,55,Genap,2022
809817,MK161,98567,80,Genap,2023
819286,MK557,61753,95,Genap,2018
166975,MK355,18975,52,Ganjil,2023
303770,MK220,23975,82,Ganjil,2016
654470,MK556,54172,78,Ganjil,2023
666407,MK161,39467,81,Genap,2022
779014,MK596,31863,83,Genap,2016
913323,MK132,84389,95,Ganjil,2019
197446,MK161,39467,71,Ganjil,2022
865484,MK498,86114,51,Genap,2022
655955,MK498,85028,74,Genap,2016
959855,MK127,54847,72,Ganjil,2021
995780,MK749,57064,80,Ganjil,2018
319764,MK350,87883,52,Genap,2017
842233,MK749,78124,96,Genap,2018
628888,MK556,36871,89,Genap,2019
569549,MK557,13461,77,Genap,2020
732737,MK557,82173,52,Genap,2020
893257,MK896,51173,85,Genap,2016
402625,MK372,38895,64,Ganjil,2023
543858,MK350,54847,80,Ganjil,2022
159747,MK896,84389,56,Genap,2015
544050,MK355,22960,53,Ganjil,2019
711590,MK557,31863,86,Ganjil,2019
407934,MK433,54172,90,Genap,2022
193716,MK132,38876,54,Genap,2019
202265,MK217,47599,97,Ganjil,2020
551885,MK557,82405,98,Genap,2018
233503,MK161,28693,74,Genap,2017
953919,MK355,51173,73,Ganjil,2020
139945,MK596,90185,77,Genap,2020
873319,MK132,94224,50,Ganjil,2019
522441,MK127,37092,57,Ganjil,2020
552991,MK649,87883,69,Genap,2017
639931,MK127,80028,58,Genap,2018
641392,MK749,78124,96,Ganjil,2020
549938,MK749,38895,58,Genap,2022
952583,MK519,45278,92,Ganjil,2016
755681,MK519,61129,86,Ganjil,2022
635137,MK355,80028,91,Ganjil,2020
182176,MK127,39817,97,Genap,2023
792675,MK955,84389,71,Ganjil,2016
831011,MK749,24836,54,Ganjil,2022
835787,MK220,26956,52,Ganjil,2023
310083,MK161,61753,84,Ganjil,2019
408631,MK955,82405,57,Genap,2022
237154,MK955,39334,55,Genap,2016
872495,MK561,63348,61,Ganjil,2015
231186,MK519,51173,83,Genap,2016
365640,MK519,76340,99,Ganjil,2021
839796,MK561,36871,75,Ganjil,2017
613885,MK561,26956,67,Genap,2020
724896,MK433,83119,97,Genap,2016
502636,MK127,57252,87,Ganjil,2021
137559,MK433,82173,61,Genap,2023
963589,MK596,54172,81,Ganjil,2017
355067,MK350,85028,75,Genap,2015
339911,MK220,22004,78,Ganjil,2022
864286,MK161,47599,78,Genap,2016
579723,MK557,22960,57,Genap,2015
569549,MK896,36304,53,Genap,2016
394041,MK596,53014,65,Genap,2022
252452,MK217,96696,77,Ganjil,2015
145935,MK896,89658,88,Ganjil,2023
590830,MK350,61753,78,Ganjil,2023
894917,MK649,98582,85,Ganjil,2022
202265,MK433,39414,57,Genap,2020
621481,MK372,72482,53,Ganjil,2021
830898,MK372,87966,64,Genap,2016
199312,MK557,88684,93,Ganjil,2023
336239,MK556,31395,67,Genap,2023
595320,MK132,57252,52,Genap,2019
570157,MK519,10909,63,Ganjil,2018
932474,MK372,22960,81,Genap,2019
639931,MK355,94224,66,Genap,2016
493918,MK217,11118,88,Genap,2015
265864,MK498,45278,60,Genap,2018
386706,MK596,28619,62,Genap,2016
907887,MK519,83119,61,Ganjil,2020
280103,MK217,57252,71,Genap,2022
789278,MK372,80028,80,Genap,2023
568605,MK372,29694,62,Genap,2019
264334,MK372,13934,70,Genap,2020
340338,MK127,45121,77,Genap,2019
763604,MK498,54172,59,Ganjil,2020
529831,MK602,76340,51,Ganjil,2020
734260,MK561,51173,75,Genap,2022
724812,MK355,67207,64,Genap,2023
676322,MK350,91592,59,Genap,2015
245530,MK132,36871,58,Genap,2023
452342,MK561,98582,89,Ganjil,2023
865261,MK556,83119,69,Genap,2018
504532,MK519,63255,75,Genap,2017
370464,MK649,63348,72,Genap,2018
252529,MK355,47599,68,Ganjil,2023
718299,MK355,79737,100,Ganjil,2017
857030,MK372,51173,55,Ganjil,2018
100859,MK372,88093,75,Ganjil,2023
524303,MK896,84333,78,Genap,2022
705500,MK602,45278,62,Ganjil,2021
547967,MK220,10585,57,Genap,2022
488369,MK596,28693,89,Ganjil,2020
165972,MK749,25833,75,Genap,2023
969989,MK749,26956,54,Genap,2022
128043,MK372,13934,86,Genap,2023
812007,MK749,93046,98,Genap,2017
336152,MK217,88684,85,Ganjil,2016
323424,MK557,33900,92,Ganjil,2022
301907,MK557,89411,99,Genap,2019
361807,MK433,71391,50,Ganjil,2020
638001,MK220,31395,80,Genap,2017
696309,MK433,45121,60,Ganjil,2017
899987,MK498,13461,53,Ganjil,2022
742832,MK127,32720,87,Genap,2018
520974,MK556,79737,63,Genap,2019
303984,MK955,11333,54,Ganjil,2023
451584,MK127,57252,68,Ganjil,2019
111882,MK433,39817,86,Ganjil,2017
961997,MK132,76340,57,Ganjil,2023
503277,MK561,22960,66,Genap,2016
796075,MK217,61129,82,Ganjil,2020
140391,MK161,13934,69,Ganjil,2023
610009,MK132,13934,93,Genap,2016
979905,MK498,62817,58,Ganjil,2020
128243,MK350,26470,85,Ganjil,2023
155654,MK649,87966,95,Genap,2016
971232,MK220,98567,60,Ganjil,2019
752351,MK220,87883,80,Ganjil,2019
179807,MK519,27471,62,Ganjil,2017
390446,MK602,39334,90,Ganjil,2022
544050,MK132,84333,65,Genap,2021
872495,MK955,19639,69,Genap,2023
230745,MK649,47599,78,Ganjil,2021
333441,MK649,98567,72,Ganjil,2022
544050,MK498,62817,93,Genap,2015
559846,MK498,27471,92,Ganjil,2023
189334,MK217,80028,58,Genap,2016
266535,MK217,85532,78,Ganjil,2020
864764,MK596,89411,94,Ganjil,2017
390882,MK433,82173,51,Ganjil,2023
559846,MK220,87883,99,Ganjil,2018
485131,MK127,87883,85,Ganjil,2020
651255,MK561,84333,95,Genap,2023
121703,MK561,26956,84,Genap,2018
702834,MK217,98582,51,Ganjil,2016
595979,MK161,27471,51,Genap,2022
797902,MK596,27817,55,Genap,2018
401562,MK161,11333,73,Genap,2021
367661,MK433,19639,83,Genap,2021
861818,MK132,93046,77,Ganjil,2020
943024,MK561,33924,79,Ganjil,2021
794876,MK556,37092,62,Ganjil,2020
842023,MK433,82405,67,Genap,2021
763003,MK132,47751,84,Genap,2021
310918,MK132,14773,88,Ganjil,2017
493887,MK596,27471,76,Ganjil,2018
115428,MK372,53014,82,Genap,2018
244641,MK217,80614,64,Ganjil,2015
916473,MK749,27471,54,Genap,2019
335252,MK602,19639,75,Genap,2015
143971,MK557,61129,78,Genap,2020
791424,MK161,79737,97,Genap,2015
989176,MK355,58330,81,Ganjil,2022
548123,MK519,11333,64,Genap,2023
274450,MK602,38895,62,Genap,2016
561547,MK596,39425,86,Ganjil,2017
785317,MK433,11118,93,Genap,2016
194516,MK955,26470,78,Genap,2016
506970,MK127,73505,85,Genap,2015
960024,MK557,82173,59,Genap,2021
606129,MK350,18975,82,Genap,2021
645297,MK217,82405,75,Genap,2021
961558,MK896,81901,50,Genap,2020
237154,MK896,57064,93,Genap,2016
737493,MK217,26470,82,Genap,2017
575727,MK896,29552,77,Genap,2017
559100,MK127,31863,60,Ganjil,2019
841763,MK955,24836,84,Genap,2016
966782,MK596,82173,91,Ganjil,2016
813367,MK556,26956,95,Ganjil,2020
330991,MK896,37890,83,Ganjil,2023
542103,MK955,28693,98,Genap,2017
437943,MK596,72482,94,Genap,2023
894917,MK557,82405,95,Genap,2015
337197,MK350,28619,88,Ganjil,2018
920195,MK217,32214,58,Ganjil,2021
652673,MK955,14773,63,Genap,2019
310083,MK220,53014,91,Genap,2015
919083,MK561,24836,83,Ganjil,2023
776818,MK161,79737,55,Ganjil,2019
961997,MK896,28619,94,Ganjil,2015
171394,MK127,45278,58,Ganjil,2017
860528,MK896,36897,60,Genap,2020
835641,MK220,51173,87,Ganjil,2017
769587,MK127,18975,60,Ganjil,2020
937151,MK602,84389,83,Genap,2015
531443,MK561,39425,100,Ganjil,2015
869157,MK127,32214,88,Ganjil,2022
184155,MK896,14527,93,Genap,2022
647006,MK561,51173,84,Ganjil,2019
651532,MK132,39334,70,Genap,2018
412005,MK561,61129,77,Ganjil,2018
489763,MK217,11118,66,Genap,2019
175905,MK372,27471,78,Genap,2016
921076,MK561,32720,95,Genap,2019
436343,MK220,87883,98,Genap,2021
159951,MK433,89411,82,Ganjil,2021
287440,MK896,23975,51,Genap,2018
757946,MK649,82173,72,Genap,2021
328416,MK896,20639,79,Genap,2022
871334,MK556,39817,98,Ganjil,2015
170476,MK556,98567,82,Genap,2017
711590,MK955,45121,80,Ganjil,2020
669436,MK372,11333,64,Ganjil,2015
295597,MK433,80614,94,Ganjil,2021
467154,MK519,90185,75,Genap,2021
799762,MK161,53014,70,Ganjil,2021
533103,MK217,73505,97,Ganjil,2022
143971,MK557,37890,78,Genap,2021
463207,MK372,36871,57,Ganjil,2018
986284,MK355,25833,63,Ganjil,2019
943011,MK561,89411,85,Genap,2016
106113,MK433,31395,51,Genap,2019
265187,MK561,36304,71,Genap,2018
384652,MK596,32720,66,Genap,2019
733060,MK217,80028,77,Ganjil,2021
650260,MK602,39425,83,Ganjil,2018
236729,MK433,71391,78,Genap,2017
859373,MK350,33924,87,Genap,2023
533103,MK749,80614,71,Ganjil,2023
996311,MK161,61129,54,Genap,2023
550583,MK561,48407,52,Genap,2019
266863,MK355,56582,51,Ganjil,2015
677978,MK350,88093,74,Ganjil,2018
290144,MK220,80028,89,Genap,2015
874617,MK519,66254,86,Genap,2023
952194,MK602,14527,93,Ganjil,2017
159802,MK519,96696,59,Ganjil,2023
345541,MK433,37890,75,Genap,2023
482957,MK372,11118,55,Ganjil,2023
661141,MK955,76340,61,Genap,2023
741475,MK896,98953,70,Ganjil,2022
475673,MK556,26470,88,Ganjil,2021
239895,MK519,36304,64,Ganjil,2015
328684,MK355,38895,97,Genap,2020
175905,MK350,80028,71,Ganjil,2018
852407,MK132,13454,62,Ganjil,2018
140757,MK519,14773,59,Genap,2022
538698,MK498,83119,50,Genap,2021
324774,MK519,85028,62,Genap,2016
932474,MK896,13934,72,Genap,2019
174638,MK649,31395,81,Ganjil,2016
866689,MK519,63348,92,Genap,2023
405371,MK557,10909,94,Ganjil,2023
574752,MK127,61753,100,Ganjil,2015
681779,MK132,28619,77,Ganjil,2018
423085,MK955,37890,80,Ganjil,2019
787454,MK217,14773,60,Ganjil,2015
328676,MK649,51173,59,Ganjil,2019
790039,MK556,57252,91,Ganjil,2022
291329,MK350,88684,85,Ganjil,2017
120912,MK749,63255,93,Ganjil,2021
574752,MK127,11333,75,Ganjil,2021
720008,MK220,73505,94,Ganjil,2018
265187,MK596,93046,53,Genap,2022
767101,MK220,20639,85,Ganjil,2022
860030,MK896,19330,67,Ganjil,2020
864485,MK220,29694,72,Genap,2023
175452,MK749,14527,71,Genap,2017
722507,MK217,82405,63,Ganjil,2019
296252,MK955,11118,67,Genap,2018
269166,MK127,25479,84,Genap,2016
882151,MK350,24836,97,Ganjil,2019
243999,MK602,19639,76,Genap,2023
523752,MK355,96696,75,Ganjil,2017
536817,MK596,57252,89,Genap,2016
243999,MK602,71391,63,Genap,2021
160503,MK519,32214,85,Genap,2019
848811,MK602,48407,51,Ganjil,2018
650260,MK896,39334,79,Ganjil,2016
265864,MK519,45278,99,Genap,2016
931827,MK217,81901,66,Ganjil,2018
394041,MK350,29552,56,Genap,2017
864764,MK556,98567,93,Genap,2023
108133,MK161,13454,74,Genap,2018
244641,MK519,62817,64,Ganjil,2019
373830,MK955,63255,100,Genap,2016
542103,MK561,88093,76,Genap,2022
270136,MK220,72482,60,Genap,2017
458089,MK955,89411,67,Ganjil,2022
485131,MK896,28693,91,Ganjil,2021
266863,MK896,31395,87,Genap,2021
655955,MK896,40203,88,Genap,2021
280103,MK955,36304,75,Genap,2023
975323,MK498,29552,73,Ganjil,2015
189334,MK127,28693,73,Ganjil,2021
994046,MK161,61063,55,Ganjil,2021
233503,MK955,37092,56,Ganjil,2016
892816,MK220,86114,77,Ganjil,2021
645326,MK519,89411,94,Ganjil,2017
166858,MK896,25479,83,Genap,2018
767719,MK561,22960,56,Genap,2023
710385,MK127,33900,57,Genap,2020
943861,MK602,19639,77,Genap,2016
902757,MK372,33924,94,Ganjil,2017
635137,MK217,32214,57,Ganjil,2021
850046,MK749,24836,75,Ganjil,2020
529617,MK561,96696,81,Ganjil,2022
291329,MK132,96696,68,Genap,2016
128243,MK602,82173,76,Ganjil,2018
886971,MK602,93046,98,Genap,2017
900190,MK220,10585,76,Genap,2016
781569,MK557,61063,77,Genap,2015
462025,MK161,53014,50,Genap,2016
860030,MK557,39817,82,Genap,2022
222698,MK498,86114,72,Ganjil,2015
798170,MK132,98582,65,Genap,2019
209429,MK350,62817,95,Ganjil,2019
794876,MK649,22960,51,Ganjil,2019
357473,MK372,31395,93,Ganjil,2016
809302,MK955,19639,81,Genap,2018
238268,MK896,29552,87,Ganjil,2017
197446,MK602,29552,80,Ganjil,2019
848811,MK561,83119,79,Ganjil,2019
749807,MK649,40203,87,Ganjil,2017
418356,MK372,28619,99,Ganjil,2017
860528,MK955,54847,83,Genap,2019
724812,MK561,73505,95,Ganjil,2023
610336,MK596,27471,91,Ganjil,2018
137559,MK220,28693,55,Ganjil,2016
686023,MK132,31395,96,Ganjil,2017
103782,MK127,32720,51,Genap,2016
855559,MK127,89411,96,Genap,2017
801073,MK433,27471,60,Genap,2021
596215,MK127,18975,59,Ganjil,2015
688420,MK649,72482,76,Ganjil,2019
148849,MK161,93046,96,Genap,2020
122737,MK220,48407,79,Genap,2023
194821,MK217,32720,79,Ganjil,2017
309006,MK749,61063,53,Genap,2019
451584,MK896,28693,57,Ganjil,2022
358596,MK955,51173,95,Genap,2020
274450,MK220,80614,83,Ganjil,2017
870174,MK132,53014,73,Genap,2023
710659,MK561,89658,77,Genap,2018
365640,MK132,22960,99,Genap,2017
488369,MK596,14527,53,Genap,2022
696098,MK161,82405,83,Ganjil,2020
796053,MK372,94224,90,Genap,2016
666407,MK896,87966,87,Genap,2023
360833,MK896,13934,88,Genap,2023
486643,MK132,47751,92,Ganjil,2021
220388,MK557,82173,62,Genap,2019
457252,MK896,72482,94,Ganjil,2021
994046,MK355,31863,61,Genap,2015
457471,MK955,81901,86,Genap,2015
910772,MK132,54172,77,Genap,2023
573689,MK132,71391,67,Genap,2018
537644,MK955,88684,91,Genap,2017
982121,MK498,18975,53,Genap,2022
231186,MK649,99639,63,Ganjil,2016
861818,MK220,78124,65,Ganjil,2021
669436,MK498,84389,84,Genap,2019
667386,MK372,27817,89,Genap,2021
194516,MK217,98567,55,Ganjil,2020
140757,MK350,13454,69,Ganjil,2022
859796,MK557,85532,73,Ganjil,2022
193716,MK220,80028,81,Genap,2017
182176,MK596,24836,81,Genap,2015
730105,MK649,81901,61,Ganjil,2020
424429,MK350,13934,67,Genap,2022
590830,MK127,98567,76,Ganjil,2018
526108,MK556,82405,93,Ganjil,2015
